repository	shard	source_file
permissionless	production	contracts/factories/AbstractFactory.sol
permissionless	production	contracts/factories/AbstractMarketFactory.sol
permissionless	production	contracts/factories/CreditFactory.sol
permissionless	production	contracts/factories/InterestRateModelFactory.sol
permissionless	production	contracts/factories/LossPolicyFactory.sol
permissionless	production	contracts/factories/PoolFactory.sol
permissionless	production	contracts/factories/PriceOracleFactory.sol
permissionless	production	contracts/factories/RateKeeperFactory.sol
permissionless	production	contracts/global/BytecodeRepository.sol
permissionless	production	contracts/global/CrossChainMultisig.sol
permissionless	production	contracts/helpers/ConstantPriceFeed.sol
permissionless	production	contracts/helpers/DefaultDegenNFT.sol
permissionless	production	contracts/helpers/DefaultIRM.sol
permissionless	production	contracts/helpers/EIP712Mainnet.sol
permissionless	production	contracts/helpers/ProxyCall.sol
permissionless	production	contracts/helpers/ZeroPriceFeed.sol
permissionless	production	contracts/instance/AddressProvider.sol
permissionless	production	contracts/instance/InstanceManager.sol
permissionless	production	contracts/instance/MarketConfiguratorFactory.sol
permissionless	production	contracts/instance/PriceFeedStore.sol
permissionless	production	contracts/interfaces/IACL.sol
permissionless	production	contracts/interfaces/IAddressProvider.sol
permissionless	production	contracts/interfaces/IBytecodeRepository.sol
permissionless	production	contracts/interfaces/IContractsRegister.sol
permissionless	production	contracts/interfaces/ICrossChainMultisig.sol
permissionless	production	contracts/interfaces/IGovernor.sol
permissionless	production	contracts/interfaces/IInstanceManager.sol
permissionless	production	contracts/interfaces/IMarketConfigurator.sol
permissionless	production	contracts/interfaces/IMarketConfiguratorFactory.sol
permissionless	production	contracts/interfaces/IPriceFeedStore.sol
permissionless	production	contracts/interfaces/ITimeLock.sol
permissionless	production	contracts/interfaces/ITreasurySplitter.sol
permissionless	production	contracts/interfaces/Types.sol
permissionless	production	contracts/interfaces/base/IDeployerTrait.sol
permissionless	production	contracts/interfaces/base/IImmutableOwnableTrait.sol
permissionless	production	contracts/interfaces/factories/ICreditConfigureActions.sol
permissionless	production	contracts/interfaces/factories/ICreditEmergencyConfigureActions.sol
permissionless	production	contracts/interfaces/factories/ICreditFactory.sol
permissionless	production	contracts/interfaces/factories/IFactory.sol
permissionless	production	contracts/interfaces/factories/IInterestRateModelFactory.sol
permissionless	production	contracts/interfaces/factories/ILossPolicyFactory.sol
permissionless	production	contracts/interfaces/factories/IMarketFactory.sol
permissionless	production	contracts/interfaces/factories/IPoolConfigureActions.sol
permissionless	production	contracts/interfaces/factories/IPoolEmergencyConfigureActions.sol
permissionless	production	contracts/interfaces/factories/IPoolFactory.sol
permissionless	production	contracts/interfaces/factories/IPriceOracleConfigureActions.sol
permissionless	production	contracts/interfaces/factories/IPriceOracleEmergencyConfigureActions.sol
permissionless	production	contracts/interfaces/factories/IPriceOracleFactory.sol
permissionless	production	contracts/interfaces/factories/IRateKeeperFactory.sol
permissionless	production	contracts/libraries/CallBuilder.sol
permissionless	production	contracts/libraries/ContractLiterals.sol
permissionless	production	contracts/libraries/Domain.sol
permissionless	production	contracts/libraries/NestedPriceFeeds.sol
permissionless	production	contracts/market/ACL.sol
permissionless	production	contracts/market/ContractsRegister.sol
permissionless	production	contracts/market/Governor.sol
permissionless	production	contracts/market/MarketConfigurator.sol
permissionless	production	contracts/market/TimeLock.sol
permissionless	production	contracts/market/TreasurySplitter.sol
permissionless	production	contracts/traits/DeployerTrait.sol
permissionless	production	contracts/traits/ImmutableOwnableTrait.sol
core-v3	production	contracts/core/AliasedLossPolicyV3.sol
core-v3	production	contracts/core/BotListV3.sol
core-v3	production	contracts/core/DefaultAccountFactoryV3.sol
core-v3	production	contracts/core/GearStakingV3.sol
core-v3	production	contracts/core/PriceOracleV3.sol
core-v3	production	contracts/credit/CreditAccountV3.sol
core-v3	production	contracts/credit/CreditConfiguratorV3.sol
core-v3	production	contracts/credit/CreditFacadeV3.sol
core-v3	production	contracts/credit/CreditManagerV3.sol
core-v3	production	contracts/credit/CreditManagerV3_USDT.sol
core-v3	production	contracts/interfaces/IAliasedLossPolicyV3.sol
core-v3	production	contracts/interfaces/IBotListV3.sol
core-v3	production	contracts/interfaces/ICreditAccountV3.sol
core-v3	production	contracts/interfaces/ICreditConfiguratorV3.sol
core-v3	production	contracts/interfaces/ICreditFacadeV3.sol
core-v3	production	contracts/interfaces/ICreditFacadeV3Multicall.sol
core-v3	production	contracts/interfaces/ICreditManagerV3.sol
core-v3	production	contracts/interfaces/IDefaultAccountFactoryV3.sol
core-v3	production	contracts/interfaces/IExceptions.sol
core-v3	production	contracts/interfaces/IGaugeV3.sol
core-v3	production	contracts/interfaces/IGearStakingV3.sol
core-v3	production	contracts/interfaces/ILinearInterestRateModelV3.sol
core-v3	production	contracts/interfaces/IPoolQuotaKeeperV3.sol
core-v3	production	contracts/interfaces/IPoolV3.sol
core-v3	production	contracts/interfaces/IPriceOracleV3.sol
core-v3	production	contracts/interfaces/ITumblerV3.sol
core-v3	production	contracts/interfaces/base/IACL.sol
core-v3	production	contracts/interfaces/base/IACLTrait.sol
core-v3	production	contracts/interfaces/base/IAccountFactory.sol
core-v3	production	contracts/interfaces/base/IAdapter.sol
core-v3	production	contracts/interfaces/base/IAddressProvider.sol
core-v3	production	contracts/interfaces/base/IBot.sol
core-v3	production	contracts/interfaces/base/IContractsRegister.sol
core-v3	production	contracts/interfaces/base/IContractsRegisterTrait.sol
core-v3	production	contracts/interfaces/base/IDegenNFT.sol
core-v3	production	contracts/interfaces/base/IInterestRateModel.sol
core-v3	production	contracts/interfaces/base/ILossPolicy.sol
core-v3	production	contracts/interfaces/base/IPhantomToken.sol
core-v3	production	contracts/interfaces/base/IPriceFeed.sol
core-v3	production	contracts/interfaces/base/IPriceFeedStore.sol
core-v3	production	contracts/interfaces/base/IRateKeeper.sol
core-v3	production	contracts/interfaces/base/IStateSerializer.sol
core-v3	production	contracts/interfaces/base/IVersion.sol
core-v3	production	contracts/interfaces/base/IVotingContract.sol
core-v3	production	contracts/interfaces/base/IZapper.sol
core-v3	production	contracts/interfaces/external/IUSDT.sol
core-v3	production	contracts/interfaces/external/IWETH.sol
core-v3	production	contracts/libraries/BalancesLogic.sol
core-v3	production	contracts/libraries/BitMask.sol
core-v3	production	contracts/libraries/CollateralLogic.sol
core-v3	production	contracts/libraries/Constants.sol
core-v3	production	contracts/libraries/CreditAccountHelper.sol
core-v3	production	contracts/libraries/CreditLogic.sol
core-v3	production	contracts/libraries/MarketHelper.sol
core-v3	production	contracts/libraries/OptionalCall.sol
core-v3	production	contracts/libraries/QuotasLogic.sol
core-v3	production	contracts/libraries/USDTFees.sol
core-v3	production	contracts/pool/GaugeV3.sol
core-v3	production	contracts/pool/LinearInterestRateModelV3.sol
core-v3	production	contracts/pool/PoolQuotaKeeperV3.sol
core-v3	production	contracts/pool/PoolV3.sol
core-v3	production	contracts/pool/PoolV3_USDT.sol
core-v3	production	contracts/pool/TumblerV3.sol
core-v3	production	contracts/traits/ACLTrait.sol
core-v3	production	contracts/traits/ContractsRegisterTrait.sol
core-v3	production	contracts/traits/PriceFeedValidationTrait.sol
core-v3	production	contracts/traits/ReentrancyGuardTrait.sol
core-v3	production	contracts/traits/SanityCheckTrait.sol
core-v3	production	contracts/traits/USDT_Transfer.sol
oracles-v3	production	contracts/interfaces/ILPPriceFeed.sol
oracles-v3	production	contracts/interfaces/curve/ICurvePool.sol
oracles-v3	production	contracts/interfaces/curve/IstETHPoolGateway.sol
oracles-v3	production	contracts/interfaces/lido/IwstETH.sol
oracles-v3	production	contracts/interfaces/pendle/IPendleMarket.sol
oracles-v3	production	contracts/interfaces/pendle/IPendleTokens.sol
oracles-v3	production	contracts/interfaces/pyth/IPyth.sol
oracles-v3	production	contracts/interfaces/pyth/PythStructs.sol
oracles-v3	production	contracts/libraries/FixedPoint.sol
oracles-v3	production	contracts/libraries/LogExpMath.sol
oracles-v3	production	contracts/oracles/BoundedPriceFeed.sol
oracles-v3	production	contracts/oracles/CompositePriceFeed.sol
oracles-v3	production	contracts/oracles/ConstantPriceFeed.sol
oracles-v3	production	contracts/oracles/LPPriceFeed.sol
oracles-v3	production	contracts/oracles/PriceFeedParams.sol
oracles-v3	production	contracts/oracles/SingleAssetLPPriceFeed.sol
oracles-v3	production	contracts/oracles/ZeroPriceFeed.sol
oracles-v3	production	contracts/oracles/curve/CurveCryptoLPPriceFeed.sol
oracles-v3	production	contracts/oracles/curve/CurveStableLPPriceFeed.sol
oracles-v3	production	contracts/oracles/curve/CurveTWAPPriceFeed.sol
oracles-v3	production	contracts/oracles/erc4626/ERC4626PriceFeed.sol
oracles-v3	production	contracts/oracles/lido/WstETHPriceFeed.sol
oracles-v3	production	contracts/oracles/pendle/PendleTWAPPTPriceFeed.sol
oracles-v3	production	contracts/oracles/updatable/PythPriceFeed.sol
oracles-v3	production	contracts/oracles/updatable/RedstonePriceFeed.sol
oracles-v3	production	contracts/traits/PriceFeedValidationTrait.sol
integrations-v3	adapters	contracts/adapters/AbstractAdapter.sol
integrations-v3	adapters	contracts/adapters/balancer/BalancerV3RouterAdapter.sol
integrations-v3	adapters	contracts/adapters/balancer/BalancerV3WrapperAdapter.sol
integrations-v3	adapters	contracts/adapters/camelot/CamelotV3Adapter.sol
integrations-v3	adapters	contracts/adapters/convex/ConvexV1_BaseRewardPool.sol
integrations-v3	adapters	contracts/adapters/convex/ConvexV1_Booster.sol
integrations-v3	adapters	contracts/adapters/curve/CurveV1_2.sol
integrations-v3	adapters	contracts/adapters/curve/CurveV1_3.sol
integrations-v3	adapters	contracts/adapters/curve/CurveV1_4.sol
integrations-v3	adapters	contracts/adapters/curve/CurveV1_Base.sol
integrations-v3	adapters	contracts/adapters/curve/CurveV1_StableNG.sol
integrations-v3	adapters	contracts/adapters/curve/CurveV1_stETH.sol
integrations-v3	adapters	contracts/adapters/erc4626/ERC4626Adapter.sol
integrations-v3	adapters	contracts/adapters/erc4626/ERC4626ReferralAdapter.sol
integrations-v3	adapters	contracts/adapters/fluid/FluidDexAdapter.sol
integrations-v3	adapters	contracts/adapters/infinifi/InfinifiGatewayAdapter.sol
integrations-v3	adapters	contracts/adapters/infinifi/InfinifiUnwindingGatewayAdapter.sol
integrations-v3	adapters	contracts/adapters/lido/LidoV1.sol
integrations-v3	adapters	contracts/adapters/lido/WstETHV1.sol
integrations-v3	adapters	contracts/adapters/mellow/Mellow4626VaultAdapter.sol
integrations-v3	adapters	contracts/adapters/mellow/MellowClaimerAdapter.sol
integrations-v3	adapters	contracts/adapters/mellow/MellowDVVAdapter.sol
integrations-v3	adapters	contracts/adapters/mellow/MellowWrapperAdapter.sol
integrations-v3	adapters	contracts/adapters/midas/MidasIssuanceVaultAdapter.sol
integrations-v3	adapters	contracts/adapters/midas/MidasRedemptionVaultAdapter.sol
integrations-v3	adapters	contracts/adapters/pendle/PendleRouterAdapter.sol
integrations-v3	adapters	contracts/adapters/securitize/SecuritizeOnRampAdapter.sol
integrations-v3	adapters	contracts/adapters/securitize/SecuritizeRedemptionGatewayAdapter.sol
integrations-v3	adapters	contracts/adapters/sky/DaiUsdsAdapter.sol
integrations-v3	adapters	contracts/adapters/sky/StakingRewardsAdapter.sol
integrations-v3	adapters	contracts/adapters/traderjoe/TraderJoeRouterAdapter.sol
integrations-v3	adapters	contracts/adapters/uniswap/UniswapV2.sol
integrations-v3	adapters	contracts/adapters/uniswap/UniswapV3.sol
integrations-v3	adapters	contracts/adapters/uniswap/UniswapV4.sol
integrations-v3	adapters	contracts/adapters/upshift/UpshiftVaultAdapter.sol
integrations-v3	adapters	contracts/adapters/velodrome/VelodromeV2RouterAdapter.sol
integrations-v3	helpers	contracts/helpers/PhantomERC20.sol
integrations-v3	helpers	contracts/helpers/balancer/BalancerV3RouterGateway.sol
integrations-v3	helpers	contracts/helpers/convex/ConvexV1_StakedPositionToken.sol
integrations-v3	helpers	contracts/helpers/curve/CurveV1_stETHGateway.sol
integrations-v3	helpers	contracts/helpers/fluid/FluidDexETHGateway.sol
integrations-v3	helpers	contracts/helpers/infinifi/InfinifiUnwindingGateway.sol
integrations-v3	helpers	contracts/helpers/infinifi/InfinifiUnwindingPhantomToken.sol
integrations-v3	helpers	contracts/helpers/lido/LidoV1_WETHGateway.sol
integrations-v3	helpers	contracts/helpers/mellow/MellowWithdrawalPhantomToken.sol
integrations-v3	helpers	contracts/helpers/midas/MidasRedemptionVaultGateway.sol
integrations-v3	helpers	contracts/helpers/midas/MidasRedemptionVaultPhantomToken.sol
integrations-v3	helpers	contracts/helpers/securitize/SecuritizeLiquidator.sol
integrations-v3	helpers	contracts/helpers/securitize/SecuritizeRedeemer.sol
integrations-v3	helpers	contracts/helpers/securitize/SecuritizeRedemptionGateway.sol
integrations-v3	helpers	contracts/helpers/securitize/SecuritizeRedemptionPhantomToken.sol
integrations-v3	helpers	contracts/helpers/sky/StakingRewardsPhantomToken.sol
integrations-v3	helpers	contracts/helpers/uniswap/UniswapV4Gateway.sol
integrations-v3	helpers	contracts/helpers/upshift/UpshiftVaultGateway.sol
integrations-v3	helpers	contracts/helpers/upshift/UpshiftVaultWithdrawalPhantomToken.sol
integrations-v3	integrations	contracts/integrations/TokenType.sol
integrations-v3	integrations	contracts/integrations/aave/DataTypes.sol
integrations-v3	integrations	contracts/integrations/aave/IAToken.sol
integrations-v3	integrations	contracts/integrations/aave/ILendingPool.sol
integrations-v3	integrations	contracts/integrations/balancer/IBalancerV3Pool.sol
integrations-v3	integrations	contracts/integrations/balancer/IBalancerV3Router.sol
integrations-v3	integrations	contracts/integrations/balancer/IBalancerV3Wrapper.sol
integrations-v3	integrations	contracts/integrations/camelot/ICamelotV3Router.sol
integrations-v3	integrations	contracts/integrations/compound/ICErc20.sol
integrations-v3	integrations	contracts/integrations/compound/ICEther.sol
integrations-v3	integrations	contracts/integrations/compound/ICToken.sol
integrations-v3	integrations	contracts/integrations/convex/IBaseRewardPool.sol
integrations-v3	integrations	contracts/integrations/convex/IBooster.sol
integrations-v3	integrations	contracts/integrations/convex/IConvexToken.sol
integrations-v3	integrations	contracts/integrations/convex/IRewards.sol
integrations-v3	integrations	contracts/integrations/convex/Interfaces.sol
integrations-v3	integrations	contracts/integrations/curve/ICRVToken.sol
integrations-v3	integrations	contracts/integrations/curve/ICurvePool.sol
integrations-v3	integrations	contracts/integrations/curve/ICurvePoolStETH.sol
integrations-v3	integrations	contracts/integrations/curve/ICurvePool_2.sol
integrations-v3	integrations	contracts/integrations/curve/ICurvePool_3.sol
integrations-v3	integrations	contracts/integrations/curve/ICurvePool_4.sol
integrations-v3	integrations	contracts/integrations/curve/ICurvePool_StableNG.sol
integrations-v3	integrations	contracts/integrations/curve/ICurveRegistry.sol
integrations-v3	integrations	contracts/integrations/erc4626/IERC4626Referral.sol
integrations-v3	integrations	contracts/integrations/external/IERC20PermitAllowed.sol
integrations-v3	integrations	contracts/integrations/fluid/IFluidDex.sol
integrations-v3	integrations	contracts/integrations/infinifi/IInfinifiGateway.sol
integrations-v3	integrations	contracts/integrations/lido/ILidoWithdrawalQueue.sol
integrations-v3	integrations	contracts/integrations/lido/IstETH.sol
integrations-v3	integrations	contracts/integrations/lido/IwstETH.sol
integrations-v3	integrations	contracts/integrations/mellow/IMellowClaimer.sol
integrations-v3	integrations	contracts/integrations/mellow/IMellowMultiVault.sol
integrations-v3	integrations	contracts/integrations/mellow/IMellowSimpleLRTVault.sol
integrations-v3	integrations	contracts/integrations/mellow/IMellowWrapper.sol
integrations-v3	integrations	contracts/integrations/midas/IMidasIssuanceVault.sol
integrations-v3	integrations	contracts/integrations/midas/IMidasRedemptionVault.sol
integrations-v3	integrations	contracts/integrations/pendle/IPendleRouter.sol
integrations-v3	integrations	contracts/integrations/securitize/ISecuritizeNAVProvider.sol
integrations-v3	integrations	contracts/integrations/securitize/ISecuritizeOnRamp.sol
integrations-v3	integrations	contracts/integrations/securitize/ISecuritizeRWAFactory.sol
integrations-v3	integrations	contracts/integrations/securitize/ISecuritizeRegistryService.sol
integrations-v3	integrations	contracts/integrations/securitize/ISecuritizeWhitelister.sol
integrations-v3	integrations	contracts/integrations/sky/IDaiUsds.sol
integrations-v3	integrations	contracts/integrations/sky/IStakingRewards.sol
integrations-v3	integrations	contracts/integrations/traderjoe/ITraderJoeRouter.sol
integrations-v3	integrations	contracts/integrations/uniswap/BytesLib.sol
integrations-v3	integrations	contracts/integrations/uniswap/IQuoter.sol
integrations-v3	integrations	contracts/integrations/uniswap/IUniswapUniversalRouter.sol
integrations-v3	integrations	contracts/integrations/uniswap/IUniswapV2Router01.sol
integrations-v3	integrations	contracts/integrations/uniswap/IUniswapV2Router02.sol
integrations-v3	integrations	contracts/integrations/uniswap/IUniswapV3.sol
integrations-v3	integrations	contracts/integrations/uniswap/IUniswapV3SwapCallback.sol
integrations-v3	integrations	contracts/integrations/uniswap/Path.sol
integrations-v3	integrations	contracts/integrations/upshift/IUpshiftVault.sol
integrations-v3	integrations	contracts/integrations/velodrome/IVelodromeV2Router.sol
integrations-v3	interfaces	contracts/interfaces/IPhantomTokenAdapter.sol
integrations-v3	interfaces	contracts/interfaces/balancer/IBalancerV3RouterAdapter.sol
integrations-v3	interfaces	contracts/interfaces/balancer/IBalancerV3WrapperAdapter.sol
integrations-v3	interfaces	contracts/interfaces/camelot/ICamelotV3Adapter.sol
integrations-v3	interfaces	contracts/interfaces/convex/IConvexV1BaseRewardPoolAdapter.sol
integrations-v3	interfaces	contracts/interfaces/convex/IConvexV1BoosterAdapter.sol
integrations-v3	interfaces	contracts/interfaces/curve/ICurveV1Adapter.sol
integrations-v3	interfaces	contracts/interfaces/curve/ICurveV1_2AssetsAdapter.sol
integrations-v3	interfaces	contracts/interfaces/curve/ICurveV1_3AssetsAdapter.sol
integrations-v3	interfaces	contracts/interfaces/curve/ICurveV1_4AssetsAdapter.sol
integrations-v3	interfaces	contracts/interfaces/curve/ICurveV1_StableNGAdapter.sol
integrations-v3	interfaces	contracts/interfaces/erc4626/IERC4626Adapter.sol
integrations-v3	interfaces	contracts/interfaces/fluid/IFluidDexAdapter.sol
integrations-v3	interfaces	contracts/interfaces/infinifi/IInfinifiGatewayAdapter.sol
integrations-v3	interfaces	contracts/interfaces/infinifi/IInfinifiUnwindingGateway.sol
integrations-v3	interfaces	contracts/interfaces/infinifi/IInfinifiUnwindingGatewayAdapter.sol
integrations-v3	interfaces	contracts/interfaces/lido/ILidoV1Adapter.sol
integrations-v3	interfaces	contracts/interfaces/lido/IwstETHV1Adapter.sol
integrations-v3	interfaces	contracts/interfaces/mellow/IMellow4626VaultAdapter.sol
integrations-v3	interfaces	contracts/interfaces/mellow/IMellowClaimerAdapter.sol
integrations-v3	interfaces	contracts/interfaces/mellow/IMellowWrapperAdapter.sol
integrations-v3	interfaces	contracts/interfaces/midas/IMidasIssuanceVaultAdapter.sol
integrations-v3	interfaces	contracts/interfaces/midas/IMidasRedemptionVaultAdapter.sol
integrations-v3	interfaces	contracts/interfaces/midas/IMidasRedemptionVaultGateway.sol
integrations-v3	interfaces	contracts/interfaces/pendle/IPendleRouterAdapter.sol
integrations-v3	interfaces	contracts/interfaces/securitize/ISecuritizeGatewayTransferMaster.sol
integrations-v3	interfaces	contracts/interfaces/securitize/ISecuritizeLiquidator.sol
integrations-v3	interfaces	contracts/interfaces/securitize/ISecuritizeOnRampAdapter.sol
integrations-v3	interfaces	contracts/interfaces/securitize/ISecuritizeRedemptionGateway.sol
integrations-v3	interfaces	contracts/interfaces/securitize/ISecuritizeRedemptionGatewayAdapter.sol
integrations-v3	interfaces	contracts/interfaces/sky/IDaiUsdsAdapter.sol
integrations-v3	interfaces	contracts/interfaces/sky/IStakingRewardsAdapter.sol
integrations-v3	interfaces	contracts/interfaces/traderjoe/ITraderJoeRouterAdapter.sol
integrations-v3	interfaces	contracts/interfaces/uniswap/IUniswapV2Adapter.sol
integrations-v3	interfaces	contracts/interfaces/uniswap/IUniswapV3Adapter.sol
integrations-v3	interfaces	contracts/interfaces/uniswap/IUniswapV4Adapter.sol
integrations-v3	interfaces	contracts/interfaces/uniswap/IUniswapV4Gateway.sol
integrations-v3	interfaces	contracts/interfaces/upshift/IUpshiftVaultAdapter.sol
integrations-v3	interfaces	contracts/interfaces/upshift/IUpshiftVaultGateway.sol
integrations-v3	interfaces	contracts/interfaces/velodrome/IVelodromeV2RouterAdapter.sol
integrations-v3	interfaces	contracts/interfaces/zappers/IERC20ZapperDeposits.sol
integrations-v3	interfaces	contracts/interfaces/zappers/IETHZapperDeposits.sol
integrations-v3	interfaces	contracts/interfaces/zappers/IZapper.sol
integrations-v3	zappers	contracts/zappers/ERC20ZapperBase.sol
integrations-v3	zappers	contracts/zappers/ERC4626UnderlyingZapper.sol
integrations-v3	zappers	contracts/zappers/ERC4626Zapper.sol
integrations-v3	zappers	contracts/zappers/ETHZapperBase.sol
integrations-v3	zappers	contracts/zappers/StakedERC4626Zapper.sol
integrations-v3	zappers	contracts/zappers/UnderlyingDepositZapper.sol
integrations-v3	zappers	contracts/zappers/UnderlyingFarmingZapper.sol
integrations-v3	zappers	contracts/zappers/WETHDepositZapper.sol
integrations-v3	zappers	contracts/zappers/WETHFarmingZapper.sol
integrations-v3	zappers	contracts/zappers/WstETHDepositZapper.sol
integrations-v3	zappers	contracts/zappers/WstETHFarmingZapper.sol
integrations-v3	zappers	contracts/zappers/ZapperBase.sol
integrations-v3	zappers	contracts/zappers/traits/DepositTrait.sol
integrations-v3	zappers	contracts/zappers/traits/ERC4626Trait.sol
integrations-v3	zappers	contracts/zappers/traits/ERC4626UnderlyingTrait.sol
integrations-v3	zappers	contracts/zappers/traits/FarmingTrait.sol
integrations-v3	zappers	contracts/zappers/traits/StakedERC4626Trait.sol
integrations-v3	zappers	contracts/zappers/traits/UnderlyingTrait.sol
integrations-v3	zappers	contracts/zappers/traits/WETHTrait.sol
integrations-v3	zappers	contracts/zappers/traits/WstETHTrait.sol
bots-v3	production	contracts/bots/PartialLiquidationBotV3.sol
periphery-v3	production	contracts/emergency/MultiPause.sol
periphery-v3	production	contracts/emergency/TreasuryLiquidator.sol
periphery-v3	production	contracts/migration/AccountMigratorAdapter.sol
periphery-v3	production	contracts/migration/AccountMigratorAdapterV30.sol
periphery-v3	production	contracts/migration/AccountMigratorAdapterV31.sol
periphery-v3	production	contracts/migration/AccountMigratorBot.sol
periphery-v3	production	contracts/migration/LiquidityMigrator.sol
periphery-v3	production	contracts/rwa/DefaultRWAUnderlying.sol
periphery-v3	production	contracts/rwa/MonopolizedOnDemandLP.sol
periphery-v3	production	contracts/rwa/OnDemandRWAUnderlying.sol
periphery-v3	production	contracts/rwa/SecuritizeDegenNFT.sol
periphery-v3	production	contracts/rwa/SecuritizeRWAFactory.sol
periphery-v3	production	contracts/rwa/SecuritizeWallet.sol
